TEAM_ID,SEASON_ID,n_obs,order_full,order_reduced,bic_full,bic_reduced,bic_delta
1610612737,22022,81,"(1, 0, 0)","(1, 0, 0)",661.5146914037355,652.0943854996228,9.420305904112638
1610612737,22023,81,"(1, 0, 0)","(1, 0, 0)",680.8350849558738,670.8178168229169,10.017268132956815
1610612737,22024,81,"(1, 0, 0)","(1, 0, 0)",677.1306494071555,662.07243937272,15.058210034435433
1610612738,22022,81,"(1, 0, 0)","(1, 0, 0)",677.9326375019418,666.3602466419319,11.572390860009932
1610612738,22023,81,"(1, 0, 0)","(1, 0, 0)",691.4117412710527,679.6165037411319,11.795237529920882
1610612738,22024,81,"(1, 0, 0)","(1, 0, 0)",685.2146537783269,669.3953940549108,15.819259723416167
1610612739,22022,81,"(1, 0, 0)","(1, 0, 0)",645.05358695529,636.4940311384296,8.559555816860438
1610612739,22023,81,"(1, 0, 0)","(1, 0, 0)",685.4619510844304,675.2814167491499,10.180534335280527
1610612739,22024,81,"(1, 0, 0)","(1, 0, 0)",665.9051468699877,652.494922062546,13.410224807441637
1610612740,22022,81,"(1, 0, 0)","(1, 0, 0)",680.2763379081312,667.2202636819457,13.056074226185501
1610612740,22023,81,"(1, 0, 0)","(1, 0, 0)",712.5333706393774,697.8440758472943,14.689294792083047
1610612740,22024,81,"(1, 0, 0)","(1, 0, 0)",677.9195856603308,662.864894254172,15.054691406158781
1610612741,22022,81,"(1, 0, 0)","(1, 0, 0)",689.1311477913943,674.9710764202673,14.160071371126946
1610612741,22023,81,"(1, 0, 0)","(1, 0, 0)",660.1012356978406,644.3747882648311,15.726447433009525
1610612741,22024,81,"(1, 0, 0)","(1, 0, 0)",703.3048171042459,687.9280621659816,15.376754938264298
1610612742,22022,81,"(1, 0, 0)","(1, 0, 0)",639.8603936024923,625.7737500255603,14.086643576932033
1610612742,22023,81,"(1, 0, 0)","(1, 0, 0)",722.5426684753683,706.4398667814512,16.10280169391706
1610612742,22024,81,"(1, 0, 0)","(1, 0, 0)",695.1478343297076,679.1692930803553,15.97854124935236
1610612743,22022,81,"(1, 0, 0)","(1, 0, 0)",660.5782986650861,646.7569087747188,13.8213898903673
1610612743,22023,81,"(1, 0, 0)","(1, 0, 0)",667.3479850926219,654.025131609109,13.322853483512858
1610612743,22024,81,"(1, 0, 0)","(1, 0, 0)",685.2013430965153,673.0408155203702,12.160527576145114
1610612744,22022,81,"(1, 0, 0)","(1, 0, 0)",687.01524708114,672.5409833349908,14.47426374614929
1610612744,22023,81,"(1, 0, 0)","(1, 0, 0)",672.0693307840597,659.0310578304484,13.03827295361134
1610612744,22024,81,"(1, 0, 0)","(1, 0, 0)",703.7920188019809,689.8989375213732,13.893081280607703
1610612745,22022,81,"(1, 0, 0)","(1, 0, 0)",654.8089167582937,644.8429138530257,9.966002905267942
1610612745,22023,81,"(1, 0, 0)","(1, 0, 0)",673.616514963936,660.201585626379,13.414929337556941
1610612745,22024,81,"(1, 0, 0)","(1, 0, 0)",676.5943031278507,663.6887211872212,12.905581940629531
1610612746,22022,81,"(1, 0, 0)","(1, 0, 0)",665.6802135350704,656.4330921263822,9.247121408688145
1610612746,22023,81,"(1, 0, 0)","(1, 0, 0)",674.0306571455386,666.3545865941171,7.676070551421503
1610612746,22024,81,"(1, 0, 0)","(1, 0, 0)",702.452039030293,687.0727923368879,15.379246693405094
1610612747,22022,81,"(1, 0, 0)","(1, 0, 0)",641.6473207066906,628.7316485204348,12.915672186255847
1610612747,22023,81,"(1, 0, 0)","(1, 0, 0)",685.1162600126441,669.0539223055125,16.062337707131633
1610612747,22024,81,"(1, 0, 0)","(1, 0, 0)",692.4793205563262,679.2122680771502,13.267052479176073
1610612748,22022,81,"(1, 0, 0)","(1, 0, 0)",640.1543114298249,628.7243930164486,11.4299184133763
1610612748,22023,81,"(1, 0, 0)","(1, 0, 0)",685.8629480841,673.052804767287,12.810143316813082
1610612748,22024,81,"(1, 0, 0)","(1, 0, 0)",693.8102192527864,677.7880251216891,16.022194131097308
1610612749,22022,81,"(1, 0, 0)","(1, 0, 0)",690.6109326165086,677.5757816104965,13.035151006012143
1610612749,22023,81,"(1, 0, 0)","(1, 0, 0)",689.6587369876985,681.2646269852239,8.394110002474577
1610612749,22024,81,"(1, 0, 0)","(1, 0, 0)",675.9475678213425,662.3210040140832,13.626563807259345
1610612750,22022,81,"(1, 0, 0)","(1, 0, 0)",655.7717853645286,638.5123092002323,17.259476164296302
1610612750,22023,81,"(1, 0, 0)","(1, 0, 0)",670.0751045857382,655.3150494168751,14.760055168863119
1610612750,22024,81,"(1, 0, 0)","(1, 0, 0)",663.0496768752046,652.65877444223,10.390902432974599
1610612751,22022,81,"(1, 0, 0)","(1, 0, 0)",692.8280263612971,678.1044816408277,14.723544720469476
1610612751,22023,81,"(1, 0, 0)","(1, 0, 0)",686.4651018823356,676.8294230822703,9.635678800065307
1610612751,22024,81,"(1, 0, 0)","(1, 0, 0)",676.5165504323397,661.0673147560066,15.44923567633316
1610612752,22022,81,"(1, 0, 0)","(1, 0, 0)",662.5016942493314,645.6562323329706,16.84546191636082
1610612752,22023,81,"(1, 0, 0)","(1, 0, 0)",689.9515701155102,676.9319914621797,13.01957865333054
1610612752,22024,81,"(1, 0, 0)","(1, 0, 0)",691.2620232318395,680.0303908037635,11.231632428076068
1610612753,22022,81,"(1, 0, 0)","(1, 0, 0)",651.8250688368634,641.0339748408377,10.791093996025666
1610612753,22023,81,"(1, 0, 0)","(1, 0, 0)",669.1616983758914,656.981382645623,12.18031573026849
1610612753,22024,81,"(1, 0, 0)","(1, 0, 0)",683.242408734626,667.5548257212145,15.68758301341154
1610612754,22022,81,"(1, 0, 0)","(1, 0, 0)",632.4694662023278,624.4112856641793,8.058180538148463
1610612754,22023,81,"(1, 0, 0)","(1, 0, 0)",690.2358150013429,680.7050799901493,9.530735011193542
1610612754,22024,81,"(1, 0, 0)","(1, 0, 0)",681.5603125064616,672.0182469214247,9.54206558503688
1610612755,22022,81,"(1, 0, 0)","(1, 0, 0)",670.6256225538775,655.0805410053003,15.545081548577173
1610612755,22023,81,"(1, 0, 0)","(1, 0, 0)",692.4618312598412,678.8677291740464,13.594102085794816
1610612755,22024,81,"(1, 0, 0)","(1, 0, 0)",666.4020497794944,652.576865764349,13.825184015145396
1610612756,22022,81,"(1, 0, 0)","(1, 0, 0)",683.8623788861154,675.5972664714494,8.265112414665964
1610612756,22023,81,"(1, 0, 0)","(1, 0, 0)",658.8798017183572,644.7126796910575,14.167122027299683
1610612756,22024,81,"(1, 0, 0)","(1, 0, 0)",680.9129404705225,668.0657594906152,12.847180979907307
1610612757,22022,81,"(1, 0, 0)","(1, 0, 0)",692.2788878756477,678.708450210078,13.57043766556967
1610612757,22023,81,"(1, 0, 0)","(1, 0, 0)",676.2739388421484,681.707562554049,-5.433623711900623
1610612757,22024,81,"(1, 0, 0)","(1, 0, 0)",707.3816581274091,693.8197606265096,13.561897500899477
1610612758,22022,81,"(1, 0, 0)","(1, 0, 0)",673.4520101861209,660.9237984869748,12.52821169914614
1610612758,22023,81,"(1, 0, 0)","(1, 0, 0)",701.0548871836411,687.4268557399707,13.628031443670352
1610612758,22024,81,"(1, 0, 0)","(1, 0, 0)",682.1378481754094,685.2630707322437,-3.1252225568342737
1610612759,22022,81,"(1, 0, 0)","(1, 0, 0)",690.1090980885642,674.2815145685961,15.82758351996813
1610612759,22023,81,"(1, 0, 0)","(1, 0, 0)",688.1816342407596,675.2005220712813,12.981112169478365
1610612759,22024,81,"(1, 0, 0)","(1, 0, 0)",684.463988178957,680.7999400212184,3.664048157738648
1610612760,22022,81,"(1, 0, 0)","(1, 0, 0)",657.5709323143254,646.9421935194407,10.628738794884725
1610612760,22023,81,"(1, 0, 0)","(1, 0, 0)",705.0588025169018,691.8426940010486,13.216108515853193
1610612760,22024,81,"(1, 0, 0)","(1, 0, 0)",661.5057692928817,652.6038373211112,8.901931971770523
1610612761,22022,81,"(1, 0, 0)","(1, 0, 0)",657.7739903671159,642.6635093387711,15.110481028344793
1610612761,22023,81,"(1, 0, 0)","(1, 0, 0)",700.8042499830653,684.9284925007463,15.875757482319045
1610612761,22024,81,"(1, 0, 0)","(1, 0, 0)",697.3326580925752,686.0998192521884,11.232838840386876
1610612762,22022,81,"(1, 0, 0)","(1, 0, 0)",646.4200093945012,629.6971545760146,16.722854818486667
1610612762,22023,81,"(1, 0, 0)","(1, 0, 0)",680.1394009269361,669.3100366441787,10.82936428275741
1610612762,22024,81,"(1, 0, 0)","(1, 0, 0)",694.8069273663054,679.1114626257827,15.695464740522766
1610612763,22022,81,"(1, 0, 0)","(1, 0, 0)",663.3159930931537,658.7798312332854,4.53616185986823
1610612763,22023,81,"(1, 0, 0)","(1, 0, 0)",680.0913874005262,664.2280903665448,15.863297033981326
1610612763,22024,81,"(1, 0, 0)","(1, 0, 0)",706.6247491647764,691.3686362294529,15.256112935323472
1610612764,22022,81,"(1, 0, 0)","(1, 0, 0)",665.7830888772792,654.0693264559432,11.713762421336014
1610612764,22023,81,"(1, 0, 0)","(1, 0, 0)",656.2511373676543,651.4998787362637,4.7512586313906695
1610612764,22024,81,"(1, 0, 0)","(1, 0, 0)",674.3909197924462,664.8267800659931,9.56413972645305
1610612765,22022,81,"(1, 0, 0)","(1, 0, 0)",652.0263104262572,640.0429970381228,11.98331338813432
1610612765,22023,81,"(1, 0, 0)","(1, 0, 0)",649.2055638696668,636.9164300896532,12.289133780013572
1610612765,22024,81,"(1, 0, 0)","(1, 0, 0)",678.9044479944183,665.1961130007753,13.708334993643007
1610612766,22022,81,"(1, 0, 0)","(1, 0, 0)",667.1409873932178,650.3770784061179,16.763908987099853
1610612766,22023,81,"(1, 0, 0)","(1, 0, 0)",679.8432890810701,664.9826352745531,14.860653806517007
1610612766,22024,81,"(1, 0, 0)","(1, 0, 0)",662.7152582028858,651.8720277980026,10.84323040488323
